step,checkpoint,loss_T111,loss_T011,loss_T101,loss_T110,loss_T000,top1_T111,delta_voll,sum_iso,H_synthese,ci_lo,ci_hi,sink_token0
0,step0,11.0734,11.0806,11.0732,11.0734,11.0734,0.0001,-0.0000,-0.0073,0.0073,0.0015,0.0133,0.0270
512,step512,5.8068,5.9626,6.1548,7.8659,7.8659,0.1764,2.0590,1.6925,0.3665,0.3472,0.3868,0.0206
1000,step1000,4.6993,5.2518,5.6811,8.1099,8.1099,0.2594,3.4105,2.2720,1.1385,1.0877,1.1923,0.0233
2000,step2000,3.9412,4.8172,5.2998,8.7874,8.7874,0.3172,4.8461,3.0868,1.7593,1.7152,1.8075,0.0449
4000,step4000,3.5636,4.6325,5.1369,9.8825,9.8825,0.3554,6.3189,4.2520,2.0670,2.0192,2.1171,0.0825
8000,step8000,3.3740,4.5179,5.1118,9.7416,9.7416,0.3817,6.3675,4.1469,2.2206,2.1646,2.2799,0.1578
16000,step16000,3.2630,4.4739,5.1064,10.8109,10.8109,0.3879,7.5479,5.2357,2.3122,2.2585,2.3709,0.1886
33000,step33000,3.2128,4.5078,5.1198,11.7697,11.7697,0.3953,8.5569,6.1425,2.4144,2.3479,2.4845,0.2068
66000,step66000,3.1534,4.7152,5.1684,12.4764,12.4764,0.4039,9.3230,6.6655,2.6575,2.5824,2.7385,0.2127
100000,step100000,3.1369,4.7641,5.1935,14.9895,14.9895,0.4068,11.8526,9.1219,2.7308,2.6542,2.8116,0.1995
143000,step143000,3.2140,4.9866,5.5356,23.7348,23.7348,0.4035,20.5207,17.3519,3.1688,2.8947,3.4884,0.1941