bedingung,schicht,kopf,delta,p,signifikant_bh
B,0,0,-0.001165,0.999800,0
B,0,1,0.003657,0.000200,1
B,0,2,-0.000469,1.000000,0
B,0,3,-0.000206,0.951210,0
B,0,4,-0.000200,1.000000,0
B,0,5,-0.006825,1.000000,0
B,0,6,-0.000609,0.937013,0
B,0,7,-0.003599,1.000000,0
B,0,8,-0.000088,0.871426,0
B,0,9,-0.000269,0.848430,0
B,0,10,-0.001224,0.983003,0
B,0,11,0.008542,0.000200,1
B,1,0,0.000385,0.098580,0
B,1,1,0.025035,0.000200,1
B,1,2,-0.000020,0.918216,0
B,1,3,0.000707,0.018596,0
B,1,4,0.003541,0.053789,0
B,1,5,0.000528,0.099980,0
B,1,6,-0.000359,0.730254,0
B,1,7,0.000129,0.009798,1
B,1,8,0.011820,0.000200,1
B,1,9,0.005828,0.000200,1
B,1,10,0.001242,0.331134,0
B,1,11,-0.001177,1.000000,0
B,2,0,0.029499,0.000200,1
B,2,1,0.043613,0.000200,1
B,2,2,0.033751,0.000200,1
B,2,3,0.031230,0.000200,1
B,2,4,0.007744,0.000200,1
B,2,5,0.040287,0.000200,1
B,2,6,0.011426,0.000200,1
B,2,7,0.003966,0.000200,1
B,2,8,-0.000664,1.000000,0
B,2,9,0.030268,0.000200,1
B,2,10,0.013982,0.000200,1
B,2,11,0.024354,0.000200,1
B,3,0,-0.003603,1.000000,0
B,3,1,-0.008801,1.000000,0
B,3,2,-0.000114,1.000000,0
B,3,3,0.001688,0.000200,1
B,3,4,0.000280,0.000200,1
B,3,5,-0.017999,1.000000,0
B,3,6,-0.003726,0.996401,0
B,3,7,0.031576,0.000200,1
B,3,8,-0.003585,0.999800,0
B,3,9,-0.005836,0.999400,0
B,3,10,0.003490,0.001600,1
B,3,11,0.005118,0.000200,1
B,4,0,0.008692,0.006799,1
B,4,1,-0.022132,1.000000,0
B,4,2,-0.021228,1.000000,0
B,4,3,0.003793,0.000200,1
B,4,4,-0.036965,1.000000,0
B,4,5,-0.007524,1.000000,0
B,4,6,-0.064362,1.000000,0
B,4,7,-0.032003,1.000000,0
B,4,8,-0.031308,1.000000,0
B,4,9,0.001844,0.248950,0
B,4,10,-0.036031,1.000000,0
B,4,11,-0.025278,1.000000,0
B,5,0,-0.065990,1.000000,0
B,5,1,-0.044714,1.000000,0
B,5,2,-0.181412,1.000000,0
B,5,3,-0.020681,1.000000,0
B,5,4,-0.090516,1.000000,0
B,5,5,0.012825,0.000200,1
B,5,6,-0.022833,1.000000,0
B,5,7,-0.110414,1.000000,0
B,5,8,0.009013,0.000200,1
B,5,9,-0.017720,1.000000,0
B,5,10,-0.094885,1.000000,0
B,5,11,-0.017480,1.000000,0
B,6,0,0.000710,0.405919,0
B,6,1,-0.090623,1.000000,0
B,6,2,0.019690,0.000200,1
B,6,3,-0.056327,1.000000,0
B,6,4,-0.051290,1.000000,0
B,6,5,-0.023230,1.000000,0
B,6,6,-0.168450,1.000000,0
B,6,7,-0.059299,1.000000,0
B,6,8,-0.021106,1.000000,0
B,6,9,0.026279,0.000200,1
B,6,10,-0.167907,1.000000,0
B,6,11,-0.199759,1.000000,0
B,7,0,-0.042312,1.000000,0
B,7,1,0.029356,0.000200,1
B,7,2,0.093290,0.000200,1
B,7,3,-0.259373,1.000000,0
B,7,4,-0.039315,1.000000,0
B,7,5,-0.077015,1.000000,0
B,7,6,0.017242,0.000400,1
B,7,7,-0.076769,1.000000,0
B,7,8,-0.053363,1.000000,0
B,7,9,-0.099672,1.000000,0
B,7,10,0.200382,0.000200,1
B,7,11,-0.140551,1.000000,0
B,8,0,0.019714,0.000200,1
B,8,1,-0.034546,1.000000,0
B,8,2,-0.131013,1.000000,0
B,8,3,-0.308971,1.000000,0
B,8,4,-0.013511,1.000000,0
B,8,5,-0.106913,1.000000,0
B,8,6,-0.053454,1.000000,0
B,8,7,-0.014364,1.000000,0
B,8,8,-0.141962,1.000000,0
B,8,9,0.019129,0.000400,1
B,8,10,-0.114000,1.000000,0
B,8,11,-0.193209,1.000000,0
B,9,0,0.015506,0.001000,1
B,9,1,0.013037,0.027594,0
B,9,2,-0.157041,1.000000,0
B,9,3,-0.005479,0.994201,0
B,9,4,-0.120882,1.000000,0
B,9,5,0.021265,0.003199,1
B,9,6,-0.117949,1.000000,0
B,9,7,-0.104952,1.000000,0
B,9,8,-0.105402,1.000000,0
B,9,9,-0.281792,1.000000,0
B,9,10,0.155401,0.000200,1
B,9,11,-0.069556,1.000000,0
B,10,0,-0.036736,1.000000,0
B,10,1,0.038750,0.000200,1
B,10,2,0.290102,0.000200,1
B,10,3,-0.068454,1.000000,0
B,10,4,-0.211698,1.000000,0
B,10,5,0.000020,0.086783,0
B,10,6,-0.262383,1.000000,0
B,10,7,-0.084281,1.000000,0
B,10,8,-0.089683,1.000000,0
B,10,9,-0.114571,1.000000,0
B,10,10,-0.038633,0.999200,0
B,10,11,-0.060633,1.000000,0
B,11,0,0.006937,0.024195,0
B,11,1,-0.005996,0.884423,0
B,11,2,-0.027502,1.000000,0
B,11,3,-0.022941,0.999800,0
B,11,4,-0.103491,1.000000,0
B,11,5,-0.064251,1.000000,0
B,11,6,-0.024608,1.000000,0
B,11,7,-0.010497,0.972006,0
B,11,8,0.033842,0.000200,1
B,11,9,0.032934,0.000200,1
B,11,10,0.135338,0.000200,1
B,11,11,-0.014496,1.000000,0
B2,0,0,-0.001439,1.000000,0
B2,0,1,0.003477,0.000200,1
B2,0,2,-0.000453,1.000000,0
B2,0,3,-0.000339,0.995801,0
B2,0,4,-0.000223,1.000000,0
B2,0,5,-0.005351,0.999800,0
B2,0,6,-0.000972,0.995001,0
B2,0,7,-0.002257,1.000000,0
B2,0,8,-0.000337,1.000000,0
B2,0,9,-0.001245,1.000000,0
B2,0,10,-0.001566,0.997001,0
B2,0,11,0.005631,0.000600,1
B2,1,0,-0.000497,0.972406,0
B2,1,1,-0.002408,0.963407,0
B2,1,2,-0.000049,0.999600,0
B2,1,3,-0.001207,1.000000,0
B2,1,4,-0.004282,0.979404,0
B2,1,5,-0.000613,0.946611,0
B2,1,6,-0.000654,0.881024,0
B2,1,7,-0.000042,0.823635,0
B2,1,8,0.007045,0.000200,1
B2,1,9,0.002888,0.012797,0
B2,1,10,0.006550,0.010798,0
B2,1,11,-0.001419,1.000000,0
B2,2,0,-0.003296,0.934013,0
B2,2,1,-0.000529,0.629274,0
B2,2,2,-0.000158,0.534893,0
B2,2,3,0.000228,0.451510,0
B2,2,4,-0.000524,0.673265,0
B2,2,5,0.010419,0.000600,1
B2,2,6,-0.000839,0.704859,0
B2,2,7,0.002561,0.002799,1
B2,2,8,-0.000377,1.000000,0
B2,2,9,-0.003742,0.986203,0
B2,2,10,0.007636,0.000200,1
B2,2,11,0.000406,0.411718,0
B2,3,0,-0.000772,1.000000,0
B2,3,1,-0.002324,1.000000,0
B2,3,2,0.000021,0.172366,0
B2,3,3,-0.000122,0.939412,0
B2,3,4,0.000311,0.000200,1
B2,3,5,-0.010009,1.000000,0
B2,3,6,-0.005118,1.000000,0
B2,3,7,0.007330,0.000200,1
B2,3,8,-0.005376,1.000000,0
B2,3,9,-0.006157,1.000000,0
B2,3,10,-0.008154,1.000000,0
B2,3,11,0.007201,0.000200,1
B2,4,0,-0.012754,0.999400,0
B2,4,1,-0.000568,0.596881,0
B2,4,2,-0.000745,0.627874,0
B2,4,3,0.001270,0.001200,1
B2,4,4,-0.011957,1.000000,0
B2,4,5,-0.005391,0.993601,0
B2,4,6,-0.007317,0.946811,0
B2,4,7,-0.005780,1.000000,0
B2,4,8,-0.005137,0.961208,0
B2,4,9,-0.000836,0.628474,0
B2,4,10,-0.015928,0.999600,0
B2,4,11,-0.003829,0.880424,0
B2,5,0,-0.004341,0.928414,0
B2,5,1,-0.005742,1.000000,0
B2,5,2,-0.003763,0.917417,0
B2,5,3,-0.008388,0.994601,0
B2,5,4,-0.005407,0.963407,0
B2,5,5,0.002301,0.189362,0
B2,5,6,-0.012713,0.998800,0
B2,5,7,-0.008741,0.997001,0
B2,5,8,-0.003811,0.944811,0
B2,5,9,-0.011349,0.999600,0
B2,5,10,-0.007190,0.985003,0
B2,5,11,-0.006531,0.998600,0
B2,6,0,-0.009271,0.994201,0
B2,6,1,-0.007127,0.994401,0
B2,6,2,-0.016463,1.000000,0
B2,6,3,-0.008070,0.996601,0
B2,6,4,-0.017652,1.000000,0
B2,6,5,-0.010887,0.999600,0
B2,6,6,-0.009908,0.999200,0
B2,6,7,-0.006232,0.996201,0
B2,6,8,-0.009892,1.000000,0
B2,6,9,-0.001456,0.621876,0
B2,6,10,-0.012713,1.000000,0
B2,6,11,-0.013845,1.000000,0
B2,7,0,-0.016852,1.000000,0
B2,7,1,-0.013680,1.000000,0
B2,7,2,-0.002185,0.709658,0
B2,7,3,0.003077,0.175165,0
B2,7,4,-0.011788,1.000000,0
B2,7,5,0.008636,0.092382,0
B2,7,6,-0.001576,0.633873,0
B2,7,7,-0.005947,1.000000,0
B2,7,8,-0.003823,0.952809,0
B2,7,9,-0.020283,0.998400,0
B2,7,10,-0.008705,0.996601,0
B2,7,11,-0.006890,0.961808,0
B2,8,0,-0.008609,0.998600,0
B2,8,1,0.003045,0.156369,0
B2,8,2,0.013477,0.002000,1
B2,8,3,0.017881,0.003399,1
B2,8,4,-0.011370,0.999800,0
B2,8,5,-0.000179,0.515097,0
B2,8,6,-0.007146,0.899620,0
B2,8,7,-0.007367,0.993201,0
B2,8,8,0.022330,0.000200,1
B2,8,9,-0.010677,0.986003,0
B2,8,10,0.014450,0.000200,1
B2,8,11,0.002088,0.313337,0
B2,9,0,-0.000853,0.579484,0
B2,9,1,-0.004664,0.824235,0
B2,9,2,0.005142,0.205559,0
B2,9,3,-0.008847,1.000000,0
B2,9,4,0.018454,0.001400,1
B2,9,5,0.014708,0.001200,1
B2,9,6,0.008865,0.069386,0
B2,9,7,0.006527,0.185563,0
B2,9,8,0.004729,0.200560,0
B2,9,9,-0.006705,0.857429,0
B2,9,10,-0.001985,0.623075,0
B2,9,11,-0.002870,0.712857,0
B2,10,0,0.019824,0.003399,1
B2,10,1,-0.004777,0.890622,0
B2,10,2,0.013327,0.040592,0
B2,10,3,0.016612,0.011198,0
B2,10,4,0.010051,0.251550,0
B2,10,5,0.000024,0.045591,0
B2,10,6,0.012781,0.063587,0
B2,10,7,0.015982,0.011398,0
B2,10,8,0.022879,0.002000,1
B2,10,9,-0.020048,1.000000,0
B2,10,10,0.023466,0.001600,1
B2,10,11,0.032429,0.000200,1
B2,11,0,-0.003963,0.849830,0
B2,11,1,0.024903,0.000200,1
B2,11,2,-0.010942,0.994601,0
B2,11,3,-0.017494,0.999800,0
B2,11,4,-0.017322,0.999400,0
B2,11,5,-0.025653,1.000000,0
B2,11,6,-0.014279,1.000000,0
B2,11,7,-0.015133,0.999000,0
B2,11,8,-0.005692,0.881824,0
B2,11,9,-0.009010,0.995801,0
B2,11,10,-0.010124,0.983403,0
B2,11,11,-0.003063,0.951610,0
C,0,0,-0.001864,1.000000,0
C,0,1,0.003914,0.000200,1
C,0,2,-0.000478,1.000000,0
C,0,3,-0.000300,0.990602,0
C,0,4,-0.000235,1.000000,0
C,0,5,-0.002755,0.980204,0
C,0,6,-0.000229,0.741252,0
C,0,7,-0.000741,0.935213,0
C,0,8,-0.000408,1.000000,0
C,0,9,-0.000886,1.000000,0
C,0,10,-0.001019,0.978804,0
C,0,11,0.013668,0.000200,1
C,1,0,0.000450,0.043191,0
C,1,1,-0.000442,0.631674,0
C,1,2,-0.000033,0.994801,0
C,1,3,-0.000711,0.989602,0
C,1,4,-0.023877,1.000000,0
C,1,5,-0.000998,0.996401,0
C,1,6,-0.000487,0.820836,0
C,1,7,0.000017,0.366527,0
C,1,8,0.011331,0.000200,1
C,1,9,0.005755,0.000200,1
C,1,10,0.074225,0.000200,1
C,1,11,-0.001604,1.000000,0
C,2,0,0.001033,0.311338,0
C,2,1,0.003467,0.018196,0
C,2,2,-0.000004,0.507499,0
C,2,3,-0.002555,0.937413,0
C,2,4,0.016655,0.000200,1
C,2,5,0.013391,0.000200,1
C,2,6,0.014840,0.000200,1
C,2,7,0.000165,0.428914,0
C,2,8,-0.000433,1.000000,0
C,2,9,-0.001973,0.909818,0
C,2,10,0.026154,0.000200,1
C,2,11,-0.004809,0.997001,0
C,3,0,-0.000474,1.000000,0
C,3,1,-0.002186,1.000000,0
C,3,2,-0.000011,0.693461,0
C,3,3,-0.000222,0.999200,0
C,3,4,0.000547,0.000200,1
C,3,5,-0.035076,1.000000,0
C,3,6,-0.000950,0.781444,0
C,3,7,0.027453,0.000200,1
C,3,8,-0.003585,1.000000,0
C,3,9,-0.013500,1.000000,0
C,3,10,-0.012150,1.000000,0
C,3,11,0.006996,0.000200,1
C,4,0,-0.019354,1.000000,0
C,4,1,0.012598,0.000200,1
C,4,2,0.005995,0.002400,1
C,4,3,0.002679,0.000200,1
C,4,4,-0.016960,1.000000,0
C,4,5,-0.002706,0.936413,0
C,4,6,0.113793,0.000200,1
C,4,7,-0.001692,0.903619,0
C,4,8,0.018736,0.000200,1
C,4,9,-0.021627,1.000000,0
C,4,10,-0.017269,0.999800,0
C,4,11,0.041479,0.000200,1
C,5,0,0.030053,0.000200,1
C,5,1,-0.001299,0.844031,0
C,5,2,-0.004725,0.973805,0
C,5,3,-0.006334,0.981804,0
C,5,4,-0.023441,1.000000,0
C,5,5,0.010824,0.000200,1
C,5,6,-0.018251,1.000000,0
C,5,7,0.019489,0.000200,1
C,5,8,-0.002070,0.840632,0
C,5,9,-0.010488,0.998800,0
C,5,10,0.014182,0.000200,1
C,5,11,0.000141,0.481304,0
C,6,0,-0.020526,1.000000,0
C,6,1,-0.020860,1.000000,0
C,6,2,-0.011511,0.999000,0
C,6,3,-0.019694,1.000000,0
C,6,4,-0.027561,1.000000,0
C,6,5,-0.014503,1.000000,0
C,6,6,-0.013630,1.000000,0
C,6,7,0.014870,0.000200,1
C,6,8,-0.004843,0.981604,0
C,6,9,0.013695,0.000800,1
C,6,10,-0.005727,0.974205,0
C,6,11,-0.027375,1.000000,0
C,7,0,-0.041862,1.000000,0
C,7,1,-0.025962,1.000000,0
C,7,2,0.020773,0.000200,1
C,7,3,-0.025157,1.000000,0
C,7,4,-0.023797,1.000000,0
C,7,5,0.042461,0.000200,1
C,7,6,0.006813,0.061588,0
C,7,7,-0.014040,1.000000,0
C,7,8,-0.023543,1.000000,0
C,7,9,-0.040842,1.000000,0
C,7,10,-0.001849,0.735253,0
C,7,11,-0.001286,0.656669,0
C,8,0,0.001968,0.244751,0
C,8,1,0.000837,0.371326,0
C,8,2,0.054869,0.000200,1
C,8,3,0.015330,0.009198,1
C,8,4,-0.016829,1.000000,0
C,8,5,-0.001164,0.611678,0
C,8,6,-0.010862,0.987203,0
C,8,7,-0.007217,0.997401,0
C,8,8,0.077126,0.000200,1
C,8,9,-0.027127,1.000000,0
C,8,10,0.030667,0.000200,1
C,8,11,0.018744,0.000200,1
C,9,0,-0.006122,0.937812,0
C,9,1,0.029997,0.000200,1
C,9,2,-0.015211,0.992801,0
C,9,3,-0.017244,1.000000,0
C,9,4,0.011546,0.014997,1
C,9,5,0.061830,0.000200,1
C,9,6,0.003021,0.291342,0
C,9,7,-0.005183,0.818236,0
C,9,8,0.000280,0.474305,0
C,9,9,0.015015,0.005799,1
C,9,10,0.013227,0.005799,1
C,9,11,0.010271,0.013997,1
C,10,0,0.076095,0.000200,1
C,10,1,0.001800,0.307139,0
C,10,2,0.156951,0.000200,1
C,10,3,0.017520,0.003799,1
C,10,4,-0.059279,1.000000,0
C,10,5,0.000045,0.003799,1
C,10,6,0.075653,0.000200,1
C,10,7,0.019743,0.001400,1
C,10,8,0.043374,0.000200,1
C,10,9,-0.033047,1.000000,0
C,10,10,0.066947,0.000200,1
C,10,11,0.053982,0.000200,1
C,11,0,-0.004741,0.928414,0
C,11,1,0.023674,0.000200,1
C,11,2,-0.011766,0.999200,0
C,11,3,-0.019641,1.000000,0
C,11,4,-0.008982,0.953409,0
C,11,5,-0.038114,1.000000,0
C,11,6,-0.016214,1.000000,0
C,11,7,-0.015254,0.999800,0
C,11,8,-0.007248,0.961008,0
C,11,9,-0.009646,1.000000,0
C,11,10,-0.015464,0.999800,0
C,11,11,-0.002622,0.950010,0
D,0,0,-0.000237,0.801640,0
D,0,1,0.005519,0.000200,1
D,0,2,-0.000397,1.000000,0
D,0,3,0.000067,0.297341,0
D,0,4,-0.000129,0.998400,0
D,0,5,-0.005408,1.000000,0
D,0,6,-0.000119,0.614477,0
D,0,7,-0.000799,0.938212,0
D,0,8,0.000039,0.306339,0
D,0,9,0.000403,0.054589,0
D,0,10,-0.000586,0.880624,0
D,0,11,0.017127,0.000200,1
D,1,0,0.001942,0.000200,1
D,1,1,0.039865,0.000200,1
D,1,2,0.000061,0.000200,1
D,1,3,0.001481,0.000200,1
D,1,4,-0.016607,1.000000,0
D,1,5,0.001151,0.002599,1
D,1,6,0.000296,0.302340,0
D,1,7,0.000175,0.000400,1
D,1,8,0.019640,0.000200,1
D,1,9,0.009156,0.000200,1
D,1,10,0.060488,0.000200,1
D,1,11,-0.001168,1.000000,0
D,2,0,0.035985,0.000200,1
D,2,1,0.065144,0.000200,1
D,2,2,0.041460,0.000200,1
D,2,3,0.036830,0.000200,1
D,2,4,0.032133,0.000200,1
D,2,5,0.061433,0.000200,1
D,2,6,0.039029,0.000200,1
D,2,7,-0.002287,0.998800,0
D,2,8,-0.000760,1.000000,0
D,2,9,0.063354,0.000200,1
D,2,10,0.040584,0.000200,1
D,2,11,0.029147,0.000200,1
D,3,0,-0.003756,1.000000,0
D,3,1,-0.008877,1.000000,0
D,3,2,-0.000134,1.000000,0
D,3,3,0.002335,0.000200,1
D,3,4,0.000321,0.000200,1
D,3,5,-0.059894,1.000000,0
D,3,6,0.002649,0.020996,0
D,3,7,0.057175,0.000200,1
D,3,8,-0.006012,1.000000,0
D,3,9,-0.006158,0.999200,0
D,3,10,0.003359,0.000800,1
D,3,11,-0.001472,0.957808,0
D,4,0,0.010529,0.001200,1
D,4,1,-0.011694,1.000000,0
D,4,2,-0.017371,1.000000,0
D,4,3,0.002575,0.000200,1
D,4,4,-0.041865,1.000000,0
D,4,5,0.007700,0.000200,1
D,4,6,0.057694,0.000200,1
D,4,7,-0.030142,1.000000,0
D,4,8,-0.024943,1.000000,0
D,4,9,-0.039681,1.000000,0
D,4,10,-0.025685,0.999800,0
D,4,11,0.009665,0.002400,1
D,5,0,-0.059989,1.000000,0
D,5,1,-0.032110,1.000000,0
D,5,2,-0.272355,1.000000,0
D,5,3,-0.031277,1.000000,0
D,5,4,-0.163105,1.000000,0
D,5,5,0.024526,0.000200,1
D,5,6,-0.006636,0.880624,0
D,5,7,-0.124492,1.000000,0
D,5,8,0.012677,0.000200,1
D,5,9,-0.010775,0.991602,0
D,5,10,-0.082664,1.000000,0
D,5,11,-0.019762,1.000000,0
D,6,0,-0.024831,1.000000,0
D,6,1,-0.114798,1.000000,0
D,6,2,0.017878,0.000200,1
D,6,3,-0.107242,1.000000,0
D,6,4,-0.055431,1.000000,0
D,6,5,-0.020779,1.000000,0
D,6,6,-0.225604,1.000000,0
D,6,7,-0.084916,1.000000,0
D,6,8,-0.009694,1.000000,0
D,6,9,-0.066428,1.000000,0
D,6,10,-0.208579,1.000000,0
D,6,11,-0.252653,1.000000,0
D,7,0,-0.006132,0.982204,0
D,7,1,0.045021,0.000200,1
D,7,2,0.168474,0.000200,1
D,7,3,-0.301784,1.000000,0
D,7,4,-0.059748,1.000000,0
D,7,5,-0.086809,1.000000,0
D,7,6,0.020914,0.000400,1
D,7,7,-0.083612,1.000000,0
D,7,8,-0.085168,1.000000,0
D,7,9,-0.120801,1.000000,0
D,7,10,0.250614,0.000200,1
D,7,11,-0.162469,1.000000,0
D,8,0,-0.024100,1.000000,0
D,8,1,-0.032557,1.000000,0
D,8,2,-0.029049,1.000000,0
D,8,3,-0.383473,1.000000,0
D,8,4,-0.012771,1.000000,0
D,8,5,-0.123999,1.000000,0
D,8,6,-0.047947,1.000000,0
D,8,7,-0.033121,1.000000,0
D,8,8,-0.070489,1.000000,0
D,8,9,-0.051954,1.000000,0
D,8,10,-0.061500,1.000000,0
D,8,11,-0.197733,1.000000,0
D,9,0,-0.068671,1.000000,0
D,9,1,-0.074940,1.000000,0
D,9,2,0.024094,0.000800,1
D,9,3,-0.020749,1.000000,0
D,9,4,0.079491,0.000200,1
D,9,5,0.143171,0.000200,1
D,9,6,0.132014,0.000200,1
D,9,7,0.016678,0.017796,1
D,9,8,-0.086631,1.000000,0
D,9,9,-0.219762,1.000000,0
D,9,10,0.194740,0.000200,1
D,9,11,0.046083,0.000200,1
D,10,0,0.156882,0.000200,1
D,10,1,0.148860,0.000200,1
D,10,2,0.360912,0.000200,1
D,10,3,-0.128183,1.000000,0
D,10,4,-0.338912,1.000000,0
D,10,5,-0.000004,0.599280,0
D,10,6,0.089228,0.000200,1
D,10,7,0.220069,0.000200,1
D,10,8,0.137142,0.000200,1
D,10,9,-0.144412,1.000000,0
D,10,10,0.238652,0.000200,1
D,10,11,0.269268,0.000200,1
D,11,0,0.031028,0.000200,1
D,11,1,-0.026485,1.000000,0
D,11,2,-0.011661,0.992202,0
D,11,3,-0.007138,0.829634,0
D,11,4,-0.098835,1.000000,0
D,11,5,-0.070370,1.000000,0
D,11,6,-0.028718,1.000000,0
D,11,7,0.008728,0.124775,0
D,11,8,0.334174,0.000200,1
D,11,9,0.099617,0.000200,1
D,11,10,0.523773,0.000200,1
D,11,11,-0.019332,1.000000,0